{"cameraMode":{"drawMode":0,"name":"Shaded","section":"Shading Mode"},"sceneLighting":true,"audioPlay":false,"sceneViewState":{"showFog":true,"showMaterialUpdate":false,"showSkybox":true,"showFlares":true,"showImageEffects":true,"showParticleSystems":true},"in2DMode":false,"pivot":{"x":325.7709655761719,"y":249.9145965576172,"z":41.25299072265625},"rotation":{"x":0.026973003521561624,"y":-0.04197239875793457,"z":0.0011345837265253068,"w":0.9987558126449585},"size":468.6993713378906,"orthographic":false}