{"cameraMode":{"drawMode":0,"name":"Shaded","section":"Shading Mode"},"sceneLighting":true,"audioPlay":false,"sceneViewState":{"showFog":true,"showMaterialUpdate":false,"showSkybox":true,"showFlares":true,"showImageEffects":true,"showParticleSystems":true},"in2DMode":false,"pivot":{"x":-5.011589527130127,"y":2.706697463989258,"z":0.0},"rotation":{"x":0.010499867610633374,"y":-0.0075007216073572639,"z":0.00007819704478606582,"w":0.9999249577522278},"size":29.49188995361328,"orthographic":false}