{"cameraMode":{"drawMode":0,"name":"Shaded","section":"Shading Mode"},"sceneLighting":false,"audioPlay":false,"sceneViewState":{"showFog":true,"showMaterialUpdate":false,"showSkybox":false,"showFlares":true,"showImageEffects":true,"showParticleSystems":true},"in2DMode":false,"pivot":{"x":0.08283615112304688,"y":0.6999998092651367,"z":13.949999809265137},"rotation":{"x":-0.014733524061739445,"y":-0.1872747391462326,"z":0.0028120267670601608,"w":-0.9821980595588684},"size":94.3030776977539,"orthographic":true}