{"cameraMode":{"drawMode":0,"name":"Shaded","section":"Shading Mode"},"sceneLighting":true,"audioPlay":false,"sceneViewState":{"showFog":true,"showMaterialUpdate":false,"showSkybox":true,"showFlares":true,"showImageEffects":true,"showParticleSystems":true},"in2DMode":false,"pivot":{"x":-4.866015434265137,"y":3.8334903717041017,"z":0.04415249824523926},"rotation":{"x":0.14369678497314454,"y":-0.19167926907539369,"z":0.02837885171175003,"w":0.9704728722572327},"size":3.8399298191070558,"orthographic":false}