{"cameraMode":{"drawMode":0,"name":"Shaded","section":"Shading Mode"},"sceneLighting":true,"audioPlay":false,"sceneViewState":{"showFog":true,"showMaterialUpdate":false,"showSkybox":true,"showFlares":true,"showImageEffects":true,"showParticleSystems":true},"in2DMode":false,"pivot":{"x":-5.300537109375,"y":-2.5185546875,"z":-1.24609375},"rotation":{"x":-0.017998838797211648,"y":0.006591411307454109,"z":-0.0001156144862761721,"w":-0.9998201131820679},"size":609.0589599609375,"orthographic":true}