{"cameraMode":{"drawMode":0,"name":"Shaded","section":"Shading Mode"},"sceneLighting":true,"audioPlay":false,"sceneViewState":{"showFog":true,"showMaterialUpdate":false,"showSkybox":true,"showFlares":true,"showImageEffects":true,"showParticleSystems":true},"in2DMode":false,"pivot":{"x":-1.21112060546875,"y":2.0013427734375,"z":-0.2548828125},"rotation":{"x":-0.03896481543779373,"y":0.03596461936831474,"z":0.0014036704087629915,"w":0.9985926151275635},"size":30.351728439331056,"orthographic":true}